74346000;100002.jpg;100005.jpg
78967000;100006.jpg;100008.jpg
65708000;100071.jpg;100073.jpg
74343000;100014.jpg;100015.jpg
74342000;110019.jpg;110020.jpg
74336000;100074.jpg;100078.jpg
74330000;100016.jpg;100018.jpg
78902000;110024.jpg;110025.jpg
64372000;100055.jpg;100057.jpg
64368000;100069.jpg;100070.jpg
65709000;100059.jpg;100060.jpg
64380000;100029.jpg;100030.jpg
64373000;110030.jpg;110031.jpg
78926000;110013.jpg;110014.jpg
85264000;110050.jpg;110052.jpg
74331000;100043.jpg;100042.jpg
68249000;100035.jpg;100036.jpg
65678000;110022.jpg;110023.jpg
68535000;110028.jpg;110029.jpg
68252000;100045.jpg;100047.jpg
68245000;100033.jpg;100034.jpg
65680000;100031.jpg;100032.jpg
74349000;110011.jpg;110012.jpg
68262000;100048.jpg;100049.jpg
82574000;100026.jpg;100027.jpg
80722000;100023.jpg;100025.jpg
